name,age,city
Stanley Aguilar,61,Segifos
Randy Price,39,Boawuve
Roger Kim,24,Ezeohti
Marc Klein,21,Ififuuri
Jose Myers,61,Junidger
Alice Hicks,60,Hawdafa
Susan Castillo,44,Bejigur
Alexander West,65,Capode
Adrian Lyons,63,Agedalza
Gabriel Townsend,65,Jastabda
Eleanor Osborne,55,Joedeodo
Cody Cummings,64,Vazutam
Ricardo Weber,53,Uvuzebla
Louisa Edwards,65,Icelupuv
Leah Wallace,38,Ludmirwi
Estelle Wilkerson,51,Gahija
Jimmy Shelton,58,Pateop
Irene Vaughn,41,Odtidjic
Eva Rodgers,32,Rajlunol
Christine Quinn,47,Catrefov
Norman Mills,53,Ugucigop
Todd Murphy,41,Nawjidi
Marguerite Carr,22,Gejubco
Bradley Steele,57,Rewwegjo
Ophelia McDonald,35,Odimojji
Jonathan Fletcher,52,Nilerta
Devin Bennett,23,Hafion
Fannie Curry,50,Nodawput
Jane Bush,51,Mojerve
Alan Olson,47,Lubidef
Ellen Lewis,46,Powozab
Jerome Casey,51,Ebusulwam
Lillian Ray,61,Elrojo
Derek Logan,57,Dopilebe
Lewis Kennedy,45,Raregfod
Gussie Glover,47,Virecul
Isabelle Wise,51,Zockise
Jeffery Alexander,50,Dejoef
Tillie Marsh,60,Udmisfiz
Ronnie Bishop,23,Memigso
Hester Phillips,60,Tutgesuwe
Phoebe Cooper,19,Hokjohal
Todd Klein,38,Erdutsor
Larry Castro,47,Rubvibpi
Harriet Kennedy,49,Mowhirnu
Billy Cruz,42,Gehuze
Johnny Robinson,50,Omluti
Hettie Gomez,58,Dozamok
Ora Fields,60,Mekifken
Walter Allison,28,Fafufic
Benjamin Mitchell,26,Vimoeb
Ann Howell,22,Fiwpahas
Ellen Moreno,46,Hanosik
Victor Powell,25,Hahdotup
Ethel Hunter,49,Gokafma
Connor Simon,46,Teradereb
Myra Turner,52,Ukozunu
Emma Salazar,31,Nebiro
Leroy Moreno,31,Ijikusut
Dale Atkins,37,Wimofef
Lora Singleton,26,Igizanda
Bill Fleming,44,Nuvihwo
Juan Brady,38,Vubcevip
Nellie Fleming,18,Dongizlos
Victor Dunn,54,Gitzupid
Bruce Douglas,61,Evcazsot
Craig Love,26,Cefivfo
Marcus Hubbard,21,Voduracic
Lucinda Delgado,36,Tiwicere
Harvey Sims,35,Vucuno
Sallie Rivera,36,Pamafwe
Mittie May,57,Mihuiz
Jeff Mathis,57,Diwtugah
Trevor Stephens,61,Zagruot
Lula Larson,24,Espagdoh
Celia West,29,Rowdaccan
Adelaide Adkins,31,Fofgier
Willie Chavez,29,Nieznu
Francis Leonard,55,Pezlova
Glenn Higgins,40,Calcaati
Jon Jenkins,32,Isaasuof
Virginia Bowen,35,Tovarkib
Phoebe Love,26,Elnifbul
Lee Brady,42,Dohmigwor
Ada Bryan,26,Malfuloho
Pearl Farmer,60,Jovejo
Hester Osborne,51,Podicoli
Susan Garrett,45,Asralkiz
Ophelia Matthews,61,Vuvbegev
Lulu Watson,48,Ufezaca
William Williamson,38,Vubjezkem
Rena Snyder,38,Simovuw
Lois Andrews,52,Sooggac
Amelia Vega,46,Kadehpa
Kevin Bowers,33,Ucsope
Marcus Guerrero,39,Feivuvi
Leila Sims,35,Kusticaz
Adelaide Hamilton,39,Giswemhuj
Jared Kelly,21,Dicrilgoh
Dean Abbott,44,Vucujsut
